nct_id,title,status,study_type,enrollment,topics,last_update,url
NCT07201935,Thermodynamic Exposure and Sleep in Military Cadets,NOT_YET_RECRUITING,INTERVENTIONAL,45,Cold-Water Immersion|Sauna & Heat Therapy|Sleep & Passive Heating,2026-08-28,https://clinicaltrials.gov/study/NCT07201935
NCT07796048,Regular Sauna Use to Lower Blood Pressure in Primary Aldosteronism,NOT_YET_RECRUITING,INTERVENTIONAL,10,Sauna & Heat Therapy,2026-08-27,https://clinicaltrials.gov/study/NCT07796048
NCT07795073,Acceleration of Tooth Movement Using PRP and Photobiomodulation With Clear Aligners,NOT_YET_RECRUITING,INTERVENTIONAL,42,Photobiomodulation / Red Light,2026-08-26,https://clinicaltrials.gov/study/NCT07795073
NCT05725655,Hot Water Immersion After Myocardial Infarction,ACTIVE_NOT_RECRUITING,INTERVENTIONAL,30,Sauna & Heat Therapy,2026-08-12,https://clinicaltrials.gov/study/NCT05725655
NCT07223099,"Sauna for Offline Connections and Interactive, Authentic Living",RECRUITING,INTERVENTIONAL,15,Sauna & Heat Therapy,2026-08-11,https://clinicaltrials.gov/study/NCT07223099
NCT07752602,Frequency-Dependent Effects of Transcranial Photobiomodulation With Same Peak Irradiance on Cortical Excitability and Fine Motor Performance,NOT_YET_RECRUITING,INTERVENTIONAL,20,Photobiomodulation / Red Light,2026-08-03,https://clinicaltrials.gov/study/NCT07752602
NCT06984796,Photobiomodulation on Pain Perception During the Insertion of the T 380 Copper Intrauterine Device (IUD),ENROLLING_BY_INVITATION,INTERVENTIONAL,72,Photobiomodulation / Red Light,2026-07-28,https://clinicaltrials.gov/study/NCT06984796
NCT07714720,Photobiomodulation for Median Nerve Neuroplasticity in Carpal Tunnel Syndrome: A Randomized Controlled Trial,NOT_YET_RECRUITING,INTERVENTIONAL,70,Photobiomodulation / Red Light,2026-07-15,https://clinicaltrials.gov/study/NCT07714720
NCT07703618,Evaluation of Proximal Massage and Palm-to-Fist Tapping on Reducing the Risk of Phlebitis,RECRUITING,INTERVENTIONAL,273,Massage Therapy,2026-07-15,https://clinicaltrials.gov/study/NCT07703618
NCT07710417,FLOAT for Healthcare PTSS,RECRUITING,INTERVENTIONAL,15,Floatation Therapy,2026-07-13,https://clinicaltrials.gov/study/NCT07710417
NCT07694999,Ice Packs Versus Cold Baths Combined With Standard Exercise Therapy for Plantar Fasciitis,RECRUITING,INTERVENTIONAL,40,Cold-Water Immersion,2026-07-10,https://clinicaltrials.gov/study/NCT07694999
NCT06633198,"Heat, Microvascular Function and Aging",ACTIVE_NOT_RECRUITING,INTERVENTIONAL,20,Sauna & Heat Therapy,2026-07-08,https://clinicaltrials.gov/study/NCT06633198
NCT07233148,Healing ALS Registry Observational Study (HAROS),RECRUITING,OBSERVATIONAL,1000,Sauna & Heat Therapy,2026-06-19,https://clinicaltrials.gov/study/NCT07233148
NCT07615478,Effect of Hot Spring Therapy on Central Fatigue Elimination During Altitude Training,RECRUITING,INTERVENTIONAL,27,Sauna & Heat Therapy,2026-05-22,https://clinicaltrials.gov/study/NCT07615478
NCT07605234,Phase II Single Arm Open Label Study Evaluating the Feasibility and Safety of Photobiomodulation as an Adjunct to Standard Supportive Care for Chemotherapy Induced Oral Mucositis in Pediatric Patients With Hematolymphoid Malignancies,NOT_YET_RECRUITING,INTERVENTIONAL,46,Photobiomodulation / Red Light,2026-05-18,https://clinicaltrials.gov/study/NCT07605234
NCT07133893,Transcranial Photobiomodulation in Anxiety Disorders,RECRUITING,INTERVENTIONAL,280,Photobiomodulation / Red Light,2026-05-11,https://clinicaltrials.gov/study/NCT07133893
NCT06403644,Evaluating the Technology and Assessing the Biological Effects of Commercially Available PhotoBioModulation Devices,ACTIVE_NOT_RECRUITING,INTERVENTIONAL,41,Photobiomodulation / Red Light,2026-04-27,https://clinicaltrials.gov/study/NCT06403644
NCT07559344,Effects of Hot Baths Prior or After a Damaging Protocol on Muscle Function and HSP70 Expression,RECRUITING,INTERVENTIONAL,96,Sauna & Heat Therapy,2026-04-23,https://clinicaltrials.gov/study/NCT07559344
NCT06908447,Cold Water and Decision-Making,RECRUITING,INTERVENTIONAL,40,Cold-Water Immersion,2026-04-17,https://clinicaltrials.gov/study/NCT06908447
NCT07520929,Acute Sauna Session and Glucose Control,RECRUITING,INTERVENTIONAL,15,Infrared Sauna|Sauna & Heat Therapy,2026-04-02,https://clinicaltrials.gov/study/NCT07520929
NCT07511803,Photobiomodulation on Recovery in Female Futsal Athletes,NOT_YET_RECRUITING,INTERVENTIONAL,15,Exercise Recovery,2026-03-30,https://clinicaltrials.gov/study/NCT07511803
NCT07511790,Photobiomodulation on Performance in Female Futsal Athletes,NOT_YET_RECRUITING,INTERVENTIONAL,15,Exercise Recovery,2026-03-30,https://clinicaltrials.gov/study/NCT07511790
NCT07183267,"Using Red Light Therapy to Ease Skin Side Effects and Mouth Side Effects, in Children and Young People Aged 0 to 16 Years Old, Receiving Radiotherapy",NOT_YET_RECRUITING,INTERVENTIONAL,248,Photobiomodulation / Red Light,2026-03-17,https://clinicaltrials.gov/study/NCT07183267
NCT07468344,Evaluation of the Effects of Sauna Therapy on Congestion and Loop Diuretic Use in Patients With Heart Failure With Reduced or Moderately Reduced Ejection Fraction,NOT_YET_RECRUITING,INTERVENTIONAL,46,Sauna & Heat Therapy,2026-03-11,https://clinicaltrials.gov/study/NCT07468344
NCT06565221,Microvascular Blood Flow During Passive Heating,NOT_YET_RECRUITING,INTERVENTIONAL,50,Sauna & Heat Therapy,2026-03-11,https://clinicaltrials.gov/study/NCT06565221
NCT07460895,Effectiveness of Photobiomodulation for Myofascial Pain in Temporomandibular Disorders,NOT_YET_RECRUITING,INTERVENTIONAL,140,Exercise Recovery,2026-03-05,https://clinicaltrials.gov/study/NCT07460895
NCT07158047,Repeated Far Infrared Sauna Bathing in Adults With Obesity,RECRUITING,INTERVENTIONAL,20,Infrared Sauna|Sauna & Heat Therapy,2026-03-02,https://clinicaltrials.gov/study/NCT07158047
NCT07442344,Care Bundle for Prevention of Skin Complications and Edema in Restrained Patients,NOT_YET_RECRUITING,INTERVENTIONAL,76,Massage Therapy,2026-02-27,https://clinicaltrials.gov/study/NCT07442344
NCT07426926,Home-Based Photobiomodulation Effects in the Postoperative Period of Distal Radius Fractures,RECRUITING,INTERVENTIONAL,42,Photobiomodulation / Red Light,2026-02-20,https://clinicaltrials.gov/study/NCT07426926
NCT07433036,The Effectiveness of Emergency Room Protocols for Treating Hyperthermia,RECRUITING,INTERVENTIONAL,50,Cold-Water Immersion,2026-02-18,https://clinicaltrials.gov/study/NCT07433036
NCT07412678,Evaluation of the Efficacy of Red Light in Adult Patients With High and Extreme Myopia,NOT_YET_RECRUITING,INTERVENTIONAL,128,Photobiomodulation / Red Light,2026-02-09,https://clinicaltrials.gov/study/NCT07412678
NCT04368689,The Feasibility and Examination of the Effects of Floatation-based REST on a Community Sample With PTSD,ACTIVE_NOT_RECRUITING,INTERVENTIONAL,30,Floatation Therapy,2026-01-19,https://clinicaltrials.gov/study/NCT04368689
NCT07367243,Percussive Massage Therapy and Muscle Architecture,RECRUITING,INTERVENTIONAL,40,Massage Therapy,2026-01-16,https://clinicaltrials.gov/study/NCT07367243
NCT07266636,Effects of Photobiomodulation and Electrical Stimulation Among Bell's Palsy Patients,NOT_YET_RECRUITING,INTERVENTIONAL,34,Exercise Recovery|Photobiomodulation / Red Light,2025-11-24,https://clinicaltrials.gov/study/NCT07266636
NCT07260903,Can Photobiomodulation Improve Balance and Cognition in Individuals Over 60: a Pilot Feasibility Placebo Randomized Controlled Trial.,RECRUITING,INTERVENTIONAL,60,Photobiomodulation / Red Light,2025-11-21,https://clinicaltrials.gov/study/NCT07260903
NCT07224646,Whole-Body Photobiomodulation Use in Professional Soccer Players During a State Championship,RECRUITING,INTERVENTIONAL,24,Exercise Recovery,2025-11-21,https://clinicaltrials.gov/study/NCT07224646
NCT07224607,Transcranial Photobiomodulation (tPBM) in Alzheimer's Disease Study,RECRUITING,INTERVENTIONAL,45,Photobiomodulation / Red Light,2025-11-17,https://clinicaltrials.gov/study/NCT07224607
NCT05931497,Sauna for Long Covid,RECRUITING,INTERVENTIONAL,21,Sauna & Heat Therapy,2025-11-11,https://clinicaltrials.gov/study/NCT05931497
NCT06332963,Interoceptive Mechanisms of Body Image Disturbance in Anorexia Nervosa,RECRUITING,INTERVENTIONAL,102,Floatation Therapy,2025-09-25,https://clinicaltrials.gov/study/NCT06332963
NCT06239818,Assessing the Effects of Photobiomodulation on Clinical Recovery From Concussion in Adolescents,RECRUITING,INTERVENTIONAL,30,Exercise Recovery|Photobiomodulation / Red Light,2025-07-16,https://clinicaltrials.gov/study/NCT06239818
NCT07045675,The Effect of Foot Reflexology Massage on the Perception of Labor Pain in Nulliparous Pregnant Women,ACTIVE_NOT_RECRUITING,OBSERVATIONAL,94,Massage Therapy,2025-06-26,https://clinicaltrials.gov/study/NCT07045675
NCT07045129,Thermal Therapies in the Treatment of Muscle Injuries,NOT_YET_RECRUITING,INTERVENTIONAL,135,Cold-Water Immersion|Sauna & Heat Therapy,2025-06-22,https://clinicaltrials.gov/study/NCT07045129
NCT05977894,Floatation Experience in Nurses and Physicians,ENROLLING_BY_INVITATION,OBSERVATIONAL,50,Floatation Therapy,2025-05-05,https://clinicaltrials.gov/study/NCT05977894
NCT06950580,Effect of Abdominal Massage on Patients in Intensive Care Unit,NOT_YET_RECRUITING,INTERVENTIONAL,128,Massage Therapy,2025-04-25,https://clinicaltrials.gov/study/NCT06950580
NCT06920966,Recovery Optimization Intervention to Reduce the Risk of Injuries in Soccer Players,NOT_YET_RECRUITING,INTERVENTIONAL,25,Cold-Water Immersion|Sauna & Heat Therapy,2025-04-02,https://clinicaltrials.gov/study/NCT06920966
NCT06875466,Exploring the Health Benefits of Sauna Bathing,RECRUITING,INTERVENTIONAL,12,Sauna & Heat Therapy,2025-03-16,https://clinicaltrials.gov/study/NCT06875466
NCT06804564,Cold Vs Warm Water Immersion for DOMS Recovery,RECRUITING,INTERVENTIONAL,52,Cold-Water Immersion|Exercise Recovery|Sauna & Heat Therapy,2025-02-07,https://clinicaltrials.gov/study/NCT06804564
NCT06769373,The Effects of Whirlpool and Contrast Bath in Patients with Complex Regional Pain Syndrome After Distal Radius Fracture,RECRUITING,INTERVENTIONAL,40,Contrast Therapy,2025-01-28,https://clinicaltrials.gov/study/NCT06769373
NCT06786481,"Effect of Foot Massage Performed to the Mother After Bırth on Breastfeedıng Success, Sleep Qualıty and Newborn Stress",ACTIVE_NOT_RECRUITING,INTERVENTIONAL,70,Massage Therapy,2025-01-21,https://clinicaltrials.gov/study/NCT06786481
NCT06763419,Internal Photobiomodulation For Management Of Temporomandibular Joint Internal Derangement,RECRUITING,INTERVENTIONAL,50,Photobiomodulation / Red Light,2025-01-06,https://clinicaltrials.gov/study/NCT06763419
NCT06672614,Postexercise Hot-Water Immersion on Exercise Performance in Hypoxia,NOT_YET_RECRUITING,INTERVENTIONAL,20,Sauna & Heat Therapy,2024-11-01,https://clinicaltrials.gov/study/NCT06672614
NCT06667193,Cold Water Exposure's Effects on Physical and Mental Health,ENROLLING_BY_INVITATION,INTERVENTIONAL,75,Cold-Water Immersion,2024-10-29,https://clinicaltrials.gov/study/NCT06667193
NCT06641739,Photobiomodulation and Platelets Rich in Growth Factors (PRGFs)-Assisted Flap Surgery in Treating Stage III Periodontal Defects,NOT_YET_RECRUITING,INTERVENTIONAL,20,Photobiomodulation / Red Light,2024-10-11,https://clinicaltrials.gov/study/NCT06641739
NCT06604403,Effectiveness of Massage Applied to Hemodialysis Patients,RECRUITING,INTERVENTIONAL,58,Massage Therapy,2024-09-17,https://clinicaltrials.gov/study/NCT06604403
NCT06460415,Effects of Photobiomodulation on Pain and Sexual Function in Women With Dyspareunia: Randomized Clinical Trial,NOT_YET_RECRUITING,INTERVENTIONAL,52,Photobiomodulation / Red Light,2024-06-11,https://clinicaltrials.gov/study/NCT06460415
NCT07651839,The Effect of Foot Reflexology in Women With Migraine,COMPLETED,INTERVENTIONAL,36,Massage Therapy,2026-09-09,https://clinicaltrials.gov/study/NCT07651839
NCT07790016,Photobiomodulation on NMES-Induced Muscle Fatigue and Damage,COMPLETED,INTERVENTIONAL,12,Exercise Recovery,2026-08-26,https://clinicaltrials.gov/study/NCT07790016
NCT07608913,Effects of Bicarbonate Spring Water Immersion on Cognitive Reliability and Post-Maximal Exercise Recovery in Adolescent Rowers During Altitude Training: A Sex-Stratified Three-Arm Randomized Controlled Trial,COMPLETED,INTERVENTIONAL,27,Sauna & Heat Therapy,2026-07-31,https://clinicaltrials.gov/study/NCT07608913
NCT07728422,Effects of Ozone Therapy on Muscle Damage,COMPLETED,INTERVENTIONAL,32,Exercise Recovery,2026-07-21,https://clinicaltrials.gov/study/NCT07728422
NCT06698237,The Effects of Cold-water Immersion on Exercise Performance Recovery and Postprandial Plasma Aminoacidemia,COMPLETED,INTERVENTIONAL,12,Cold-Water Immersion|Exercise Recovery,2026-07-12,https://clinicaltrials.gov/study/NCT06698237
NCT06565468,The Effect of Cold Water Immersion on Recovery and Performance in NCAA Division I Athletes,COMPLETED,INTERVENTIONAL,75,Cold-Water Immersion|Exercise Recovery,2026-07-09,https://clinicaltrials.gov/study/NCT06565468
NCT07608887,Effect of Hot Spring Therapy on Autonomic Nervous System and Exercise Performance During Altitude Training,COMPLETED,INTERVENTIONAL,27,Sauna & Heat Therapy,2026-06-23,https://clinicaltrials.gov/study/NCT07608887
NCT07636265,The Effect Of Photobiomodulation On Dental Implant Survival,COMPLETED,INTERVENTIONAL,50,Photobiomodulation / Red Light,2026-06-03,https://clinicaltrials.gov/study/NCT07636265
NCT07593781,rESWT vs LLLT for Cervical Myofascial Pain,COMPLETED,INTERVENTIONAL,50,Photobiomodulation / Red Light,2026-05-16,https://clinicaltrials.gov/study/NCT07593781
NCT07146620,Effectiveness of Radial Nerve Mobilization for Chronic Epicondylalgia,COMPLETED,INTERVENTIONAL,46,Massage Therapy,2026-04-28,https://clinicaltrials.gov/study/NCT07146620
NCT05627141,"Photobiomodulation, Cryotherapy Combined With Compression, and Massage for Recovery",COMPLETED,INTERVENTIONAL,60,Exercise Recovery,2026-04-12,https://clinicaltrials.gov/study/NCT05627141
NCT06319001,Cardiovascular Reactivity to Physical Stress,COMPLETED,INTERVENTIONAL,45,Sauna & Heat Therapy,2026-03-08,https://clinicaltrials.gov/study/NCT06319001
NCT06667479,Cold Water Exposure and Immune Function Study,COMPLETED,INTERVENTIONAL,37,Cold-Water Immersion,2026-03-07,https://clinicaltrials.gov/study/NCT06667479
NCT05363982,Evaluation of Transcranial Photobiomodulation in Autism Spectrum Disorder,COMPLETED,INTERVENTIONAL,41,Photobiomodulation / Red Light,2026-01-23,https://clinicaltrials.gov/study/NCT05363982
NCT07206576,Acute Effects of Percussion Massage Therapy in Adolescent Cyclists,COMPLETED,INTERVENTIONAL,32,Massage Therapy,2025-12-29,https://clinicaltrials.gov/study/NCT07206576
NCT07067294,Effect of Low-Level Light Therapy on Ocular Surface Parameters in Patients Undergoing Cataract Surgery,COMPLETED,INTERVENTIONAL,98,Photobiomodulation / Red Light,2025-12-28,https://clinicaltrials.gov/study/NCT07067294
NCT06529471,"Effect of Massage After CABG on Pain, Sleep Quality and Serum Cortisol Level",COMPLETED,INTERVENTIONAL,96,Massage Therapy,2025-11-19,https://clinicaltrials.gov/study/NCT06529471
NCT05696301,Interest of Tecartherapy on a Painful Caesarean Section Scar: a Randomized Clinical Trial.,TERMINATED,INTERVENTIONAL,19,Massage Therapy,2025-11-14,https://clinicaltrials.gov/study/NCT05696301
NCT04628910,Examining the Differential Effects of Traditional Float-REST and Dry Float on Subjective and Objective Health Outcomes,COMPLETED,INTERVENTIONAL,20,Floatation Therapy,2025-08-21,https://clinicaltrials.gov/study/NCT04628910
NCT05618197,Chronic Passive Heating in Healthy Older Adults,COMPLETED,INTERVENTIONAL,19,Sauna & Heat Therapy,2025-08-01,https://clinicaltrials.gov/study/NCT05618197
NCT05256966,"Firefighter Soot, Sauna, and Sweat Excretion Pilot Study",COMPLETED,INTERVENTIONAL,86,Sauna & Heat Therapy,2025-07-14,https://clinicaltrials.gov/study/NCT05256966
NCT07062302,Effectiveness of Low-Level Light Therapy for Vocal Fatigue,COMPLETED,INTERVENTIONAL,22,Photobiomodulation / Red Light,2025-07-02,https://clinicaltrials.gov/study/NCT07062302
NCT07042659,Effectiveness of Blue Light for Hard-to-heal Wounds,COMPLETED,INTERVENTIONAL,11,Photobiomodulation / Red Light,2025-06-26,https://clinicaltrials.gov/study/NCT07042659
NCT06978868,Effects of Sauna on Cardiac and Skeletal Muscle Function in Patients With HFpEF (SAUNA-HFpEF),COMPLETED,INTERVENTIONAL,18,Sauna & Heat Therapy,2025-05-09,https://clinicaltrials.gov/study/NCT06978868
NCT06874023,Study to Warm Up and Cool Down Recreationally Active Males Using Different Protocols.,COMPLETED,INTERVENTIONAL,10,Sauna & Heat Therapy,2025-03-07,https://clinicaltrials.gov/study/NCT06874023
NCT04006717,"Comparison Between Low-level Laser Therapy, Intracanal Cryotherapy and Their Combination, on Post-endodontic Pain Level",COMPLETED,INTERVENTIONAL,95,Photobiomodulation / Red Light,2024-12-14,https://clinicaltrials.gov/study/NCT04006717
NCT05130814,EmoLED Medical Device Treatment of Second and Third Stage Pressure Ulcers,COMPLETED,INTERVENTIONAL,48,Photobiomodulation / Red Light,2024-12-11,https://clinicaltrials.gov/study/NCT05130814
NCT06113614,Effects of Photobiomodulation on Functional Recovery of Proximal Humerus Fractures,UNKNOWN,INTERVENTIONAL,42,Exercise Recovery,2024-11-16,https://clinicaltrials.gov/study/NCT06113614
NCT04858321,Chronic Passive Heating in Individuals With T2DM,COMPLETED,INTERVENTIONAL,17,Sauna & Heat Therapy,2024-11-13,https://clinicaltrials.gov/study/NCT04858321
NCT04541901,Massage and Cold Water Immersion on Movement Variability After Fatigue in Swimmers,COMPLETED,INTERVENTIONAL,22,Cold-Water Immersion,2024-11-04,https://clinicaltrials.gov/study/NCT04541901
NCT05891353,Pain Modulatory Profiles in Stretching,COMPLETED,INTERVENTIONAL,30,Cold-Water Immersion,2024-10-31,https://clinicaltrials.gov/study/NCT05891353
NCT05370417,Photobiomodulation and Glass Ionomer Sealant as Complementary Treatment for Hypersensitivity in Molars With MIH,COMPLETED,INTERVENTIONAL,50,Photobiomodulation / Red Light,2024-10-01,https://clinicaltrials.gov/study/NCT05370417
NCT06578013,Effect of Acupressure-Ice Message on Primary Dysmenorrhea,UNKNOWN,INTERVENTIONAL,50,Massage Therapy,2024-08-27,https://clinicaltrials.gov/study/NCT06578013
NCT05545943,"Effects of Calorie Restriction and Cold Stimuli on Health-related Indicators, Cognitive and Motor Functions",COMPLETED,INTERVENTIONAL,80,Cold-Water Immersion,2024-07-12,https://clinicaltrials.gov/study/NCT05545943
NCT05838612,Hot Water Immersion as a Heat Acclimation Strategy in Older Adults,COMPLETED,INTERVENTIONAL,12,Sauna & Heat Therapy,2024-07-09,https://clinicaltrials.gov/study/NCT05838612
NCT06474910,Connective Tissue Massage in Scleroderma,UNKNOWN,INTERVENTIONAL,30,Massage Therapy,2024-06-25,https://clinicaltrials.gov/study/NCT06474910
NCT06433856,Neuromuscular Responses to Recovery Techniques,COMPLETED,INTERVENTIONAL,16,Cold-Water Immersion|Exercise Recovery|Massage Therapy,2024-06-16,https://clinicaltrials.gov/study/NCT06433856
NCT04668001,Transcranial Photobiomodulation With Near-Infrared Light for Language in Individuals With Down Syndrome,UNKNOWN,INTERVENTIONAL,19,Photobiomodulation / Red Light,2024-05-30,https://clinicaltrials.gov/study/NCT04668001
NCT06440356,Effect of Non-invasive Photobiomodulation Therapies in Patients With Trigeminal Neuralgia,COMPLETED,INTERVENTIONAL,45,Photobiomodulation / Red Light,2024-05-27,https://clinicaltrials.gov/study/NCT06440356
NCT05764512,Endorphin Massage Application to Women Who Gave Birth Vaginally,COMPLETED,INTERVENTIONAL,80,Massage Therapy,2024-05-19,https://clinicaltrials.gov/study/NCT05764512
NCT03593733,Comparison Between Photobiomodulation Therapy (PBMT) and a Cold-Water Immersion (CWI) in Recovery Soccer Player: Analysis of Biochemical Markers of Recovery and Muscular Oxidative Stress.,COMPLETED,INTERVENTIONAL,18,Cold-Water Immersion|Exercise Recovery,2024-05-06,https://clinicaltrials.gov/study/NCT03593733
NCT06145867,A Feasibility Study: Assessing Photobiomodulation in Myalgic Encephalomyelitis,UNKNOWN,INTERVENTIONAL,10,Photobiomodulation / Red Light,2024-04-25,https://clinicaltrials.gov/study/NCT06145867
NCT05760092,The Use of Photobiomodulation in the Treatment of Oral Complaints of Long COVID-19.A Randomized Controlled Trial.,COMPLETED,INTERVENTIONAL,10,Photobiomodulation / Red Light,2024-03-09,https://clinicaltrials.gov/study/NCT05760092
NCT04415970,Understanding Physiology During Float-REST and the Consequential Effects on Subjective and Objective Recovery,COMPLETED,INTERVENTIONAL,31,Floatation Therapy,2024-03-05,https://clinicaltrials.gov/study/NCT04415970
NCT06217224,Evaluation of Prophylactic Photobiomodulation Therapy in Patients With Osteosarcoma,UNKNOWN,INTERVENTIONAL,53,Photobiomodulation / Red Light,2024-01-11,https://clinicaltrials.gov/study/NCT06217224
NCT06198647,Manual Therapy for Pregnancy Related Back Pain,UNKNOWN,INTERVENTIONAL,40,Massage Therapy,2024-01-08,https://clinicaltrials.gov/study/NCT06198647
NCT06193291,Effect of Hot Water Immersion on Heart Rate Variability and Glucose,COMPLETED,INTERVENTIONAL,28,Sauna & Heat Therapy,2024-01-04,https://clinicaltrials.gov/study/NCT06193291
NCT06164626,Evaluation of Bone Preservation After Molar Extraction Using Photobiomodulation Combined With Biomaterial Grafting,UNKNOWN,INTERVENTIONAL,60,Photobiomodulation / Red Light,2023-12-13,https://clinicaltrials.gov/study/NCT06164626
NCT05297838,Stationary Bike Use During Ice Bath and Virtual Reality,COMPLETED,INTERVENTIONAL,151,Cold-Water Immersion,2023-11-29,https://clinicaltrials.gov/study/NCT05297838
NCT06034912,Fundus Effects of Repeated Low-Level Red-Light Therapy in Chinese Myopic Minors: A Randomized Controlled Clinical Trial,UNKNOWN,INTERVENTIONAL,70,Photobiomodulation / Red Light,2023-11-28,https://clinicaltrials.gov/study/NCT06034912
NCT04642066,"Cold Water Immersion and Atherosclerosis, Inflammation, Fat Accumulation and Lipid Profile Parameters",SUSPENDED,INTERVENTIONAL,60,Cold-Water Immersion,2023-11-15,https://clinicaltrials.gov/study/NCT04642066
NCT06125639,"Effects of Sauna Bathing on Sleep, Mood and Stress",UNKNOWN,INTERVENTIONAL,40,Sauna & Heat Therapy|Sleep & Passive Heating,2023-11-04,https://clinicaltrials.gov/study/NCT06125639
NCT03620539,Sauna Bathing to Improve Vascular Health of Adults With Heart Disease,COMPLETED,INTERVENTIONAL,61,Sauna & Heat Therapy,2023-10-27,https://clinicaltrials.gov/study/NCT03620539
NCT06103110,Effect of Order and Conjugation of Different Photobiomodulation Therapies and Anterior Repositioning Appliance in Management of TMD Cases,COMPLETED,INTERVENTIONAL,40,Photobiomodulation / Red Light,2023-10-22,https://clinicaltrials.gov/study/NCT06103110
NCT05409404,The Effects of 8 Weeks Post Exercise Hot Water Immersion on Vascular and Cardiometabolic Health in Physically Inactive Middle-aged Adults,COMPLETED,INTERVENTIONAL,24,Sauna & Heat Therapy,2023-10-21,https://clinicaltrials.gov/study/NCT05409404
NCT05799209,Floatation-REST in Methamphetamine Use Disorder: A Pilot Study,UNKNOWN,INTERVENTIONAL,100,Floatation Therapy,2023-10-04,https://clinicaltrials.gov/study/NCT05799209
NCT03899090,Floatation-REST (Reduced Environmental Stimulation Therapy) for Anxiety and Depression,UNKNOWN,INTERVENTIONAL,75,Floatation Therapy,2023-10-04,https://clinicaltrials.gov/study/NCT03899090
NCT03610451,Floatation-REST and Anorexia Nervosa,UNKNOWN,INTERVENTIONAL,68,Floatation Therapy,2023-10-04,https://clinicaltrials.gov/study/NCT03610451
NCT05930587,Effect of Cold Immersion on Patients With Varicose Vein,UNKNOWN,INTERVENTIONAL,60,Cold-Water Immersion,2023-09-22,https://clinicaltrials.gov/study/NCT05930587
NCT06027502,Cardioprotective Benefit of Passive Heat Therapy in Higher-Level Spinal Cord Injury: Safety and Proof of Concept,UNKNOWN,INTERVENTIONAL,18,Sauna & Heat Therapy,2023-08-30,https://clinicaltrials.gov/study/NCT06027502
NCT05344300,Temperature Recording in Lungs of Volunteers With and Without Pulmonary Diseases,UNKNOWN,OBSERVATIONAL,10,Sauna & Heat Therapy,2023-08-30,https://clinicaltrials.gov/study/NCT05344300
NCT05072743,Improvement in Sleep Symptomatology and Neurocognitive Function Using Photobiomodulation in Post-Concussion Patients,UNKNOWN,INTERVENTIONAL,20,Photobiomodulation / Red Light,2023-08-28,https://clinicaltrials.gov/study/NCT05072743
NCT05447026,The Effect of Adjunctive Therapies in Regenerative Treatment of Stage III Grade C Periodontitis,COMPLETED,INTERVENTIONAL,48,Photobiomodulation / Red Light,2023-08-27,https://clinicaltrials.gov/study/NCT05447026
NCT04487392,Photobiomodulation Effect on Vulvovaginal Atrophy in Postmenopausal Women.,WITHDRAWN,INTERVENTIONAL,0,Photobiomodulation / Red Light,2023-06-27,https://clinicaltrials.gov/study/NCT04487392
NCT05451888,Assessing Effects of Mineral-rich Floatation Spa Treatment on Mood and Psychological Health Outcomes,COMPLETED,INTERVENTIONAL,55,Floatation Therapy,2023-05-25,https://clinicaltrials.gov/study/NCT05451888
NCT05610046,The Impact of Passive Heat Treatment on Glycaemic Response During an Oral Glucose Tolerance Test in Diabetic Patients,UNKNOWN,INTERVENTIONAL,12,Infrared Sauna,2023-05-03,https://clinicaltrials.gov/study/NCT05610046
NCT05850780,Clinical and Radiographic Evaluation of Laser Photobiomodulation Pulpotomy of Primary Molars in Children,UNKNOWN,INTERVENTIONAL,52,Photobiomodulation / Red Light,2023-04-29,https://clinicaltrials.gov/study/NCT05850780
NCT05850624,Virtual Reality Animation and Ice Massage on The Hoku Point,COMPLETED,INTERVENTIONAL,94,Massage Therapy,2023-04-28,https://clinicaltrials.gov/study/NCT05850624
NCT05237219,Heat Therapy in Patients With Type 2 Diabetes Mellitus,WITHDRAWN,INTERVENTIONAL,0,Sauna & Heat Therapy,2023-04-18,https://clinicaltrials.gov/study/NCT05237219
NCT05805540,"Effects on CK, RPE, VAS Scale and Physical Performance of Three Recovery Methods in Elite Basketball Players",COMPLETED,INTERVENTIONAL,15,Cold-Water Immersion|Exercise Recovery,2023-03-27,https://clinicaltrials.gov/study/NCT05805540
NCT05797818,Red Light Photobiomodulation and Topical Disinfectants,COMPLETED,INTERVENTIONAL,28,Photobiomodulation / Red Light,2023-03-21,https://clinicaltrials.gov/study/NCT05797818
NCT05242991,Effectiveness of Photobiomodulation Protocols in Radiation-induced Oral Side Effects in H&N Cancer Patients,UNKNOWN,INTERVENTIONAL,132,Photobiomodulation / Red Light,2023-03-07,https://clinicaltrials.gov/study/NCT05242991
NCT05757518,Post-exercise Recovery of DOMS in Recreational Athletes,COMPLETED,INTERVENTIONAL,36,Exercise Recovery|Sauna & Heat Therapy,2023-03-03,https://clinicaltrials.gov/study/NCT05757518
NCT05750186,The Effect of Abdominal Massage Applied After Surgery,UNKNOWN,INTERVENTIONAL,68,Massage Therapy,2023-02-20,https://clinicaltrials.gov/study/NCT05750186
NCT04249700,Investigating the Effect of Single-session Sauna Use on Body Temperature,COMPLETED,INTERVENTIONAL,25,Sauna & Heat Therapy,2023-01-31,https://clinicaltrials.gov/study/NCT04249700
NCT05590754,"50% Body Weight Reverses Stature, Lumbar Disc Expansion and Vertebral Compliance by Hyper-Buoyancy Floatation.",COMPLETED,OBSERVATIONAL,16,Floatation Therapy,2022-12-03,https://clinicaltrials.gov/study/NCT05590754
NCT05412199,"Which Technique is More Effective for People With Hamstring Tightness in Terms of Balance, Flexibility, and Performance?",COMPLETED,INTERVENTIONAL,45,Massage Therapy,2022-09-12,https://clinicaltrials.gov/study/NCT05412199
NCT02598258,Hemodynamic Effects of Dry Sauna Followed by Cold Water Immersion in Healthy Subjects,COMPLETED,INTERVENTIONAL,32,Cold-Water Immersion|Sauna & Heat Therapy,2022-08-22,https://clinicaltrials.gov/study/NCT02598258
NCT04613843,Cold Water Immersion Stirring in Hyperthermic Individuals,COMPLETED,INTERVENTIONAL,16,Cold-Water Immersion,2022-07-22,https://clinicaltrials.gov/study/NCT04613843
NCT03405662,Impact of Photobiomodulation (PBM) on Biomarkers of Alzheimer's Disease,COMPLETED,INTERVENTIONAL,23,Photobiomodulation / Red Light,2022-06-30,https://clinicaltrials.gov/study/NCT03405662
NCT03768947,Heat Therapy for Fibromyalgia,COMPLETED,INTERVENTIONAL,8,Sauna & Heat Therapy,2022-06-14,https://clinicaltrials.gov/study/NCT03768947
NCT05408650,Effect of Aromatherapy Massage on Sleep Quality of Post-operative Cardiothoracic Patients,UNKNOWN,INTERVENTIONAL,62,Massage Therapy,2022-06-03,https://clinicaltrials.gov/study/NCT05408650
NCT03704857,"Different Endodontic Treatment Techniques in Postoperative Symptoms, Apical Repair, Longevity of Rehabilitations, and Oral Health-related Quality of Life",UNKNOWN,INTERVENTIONAL,350,Photobiomodulation / Red Light,2022-04-26,https://clinicaltrials.gov/study/NCT03704857
NCT05330728,Comparison of the Effects of Abdominal Massage and Kinesio Taping in Women With Chronic Constipation,UNKNOWN,INTERVENTIONAL,60,Massage Therapy,2022-04-09,https://clinicaltrials.gov/study/NCT05330728
NCT05307445,Treatment of Peri-Implant Mucositis With Standard of Care and Bioptron Hyperlight Therapy,COMPLETED,INTERVENTIONAL,40,Photobiomodulation / Red Light,2022-03-31,https://clinicaltrials.gov/study/NCT05307445
NCT05296200,Cervical Changes by 4h of Hyper-buoyancy Flotation and Followed by 15 Mins 1g Re-loading,COMPLETED,OBSERVATIONAL,12,Floatation Therapy,2022-03-24,https://clinicaltrials.gov/study/NCT05296200
NCT05035004,The Effects of Post Aerobic Exercise Hot Water Immersion on Physiological and Perceptual Responses in Physically Inactive Middle-aged Adults,COMPLETED,INTERVENTIONAL,16,Sauna & Heat Therapy,2022-03-16,https://clinicaltrials.gov/study/NCT05035004
NCT05277597,Effect of a 4-week Post-exercise Sauna Bathing on Targeted Gut Microbiota,COMPLETED,INTERVENTIONAL,15,Sauna & Heat Therapy,2022-03-11,https://clinicaltrials.gov/study/NCT05277597
NCT05270187,Multiwave Locked System Laser for Patients With Bell's Palsy.,UNKNOWN,INTERVENTIONAL,60,Exercise Recovery,2022-03-06,https://clinicaltrials.gov/study/NCT05270187
NCT04196686,Ice Immersion Using Virtual Reality & Augmented Reality,COMPLETED,INTERVENTIONAL,185,Cold-Water Immersion,2022-02-28,https://clinicaltrials.gov/study/NCT04196686
NCT03911830,Aerobic Exercise Program Followed by Cold Water Immersion: Effects on Arthritis Patients Arterial Stiffness,COMPLETED,INTERVENTIONAL,18,Cold-Water Immersion|Exercise Recovery,2022-02-23,https://clinicaltrials.gov/study/NCT03911830
NCT03416998,Photobiomodulation On Muscle Recovery In Professional Soccer Players,COMPLETED,INTERVENTIONAL,30,Exercise Recovery,2022-02-18,https://clinicaltrials.gov/study/NCT03416998
NCT04540718,Exercise and Sauna on Blood Pressure and Cardiovascular Health,COMPLETED,INTERVENTIONAL,47,Sauna & Heat Therapy,2022-01-03,https://clinicaltrials.gov/study/NCT04540718
NCT03000426,Photobiomodulation of Palatal Donor Site After Free Gingival Graft Removal,COMPLETED,INTERVENTIONAL,45,Photobiomodulation / Red Light,2021-12-23,https://clinicaltrials.gov/study/NCT03000426
NCT05130372,Comparison of The Acute Effects of Different Stretching Methods on Ankle Joint Range In Healty Older Adults,COMPLETED,INTERVENTIONAL,78,Massage Therapy,2021-11-18,https://clinicaltrials.gov/study/NCT05130372
NCT05007210,The Effects of Whole Body Prenatal Massage Therapy During Pregnancy: A Randomized Controlled Experimental Trial,COMPLETED,INTERVENTIONAL,30,Massage Therapy,2021-08-10,https://clinicaltrials.gov/study/NCT05007210
NCT04416113,Photodynamic Therapy for the Treatment of COVID-19,UNKNOWN,INTERVENTIONAL,60,Photobiomodulation / Red Light,2021-08-05,https://clinicaltrials.gov/study/NCT04416113
NCT04841733,Effectiveness of Recovery Protocols Combination in Soccer Players,UNKNOWN,INTERVENTIONAL,20,Cold-Water Immersion,2021-04-18,https://clinicaltrials.gov/study/NCT04841733
NCT03972007,Effect of Light-emitting Diode (LED) Photobiomodulation Therapy on Muscular Fatigue in University Handball Athletes,UNKNOWN,INTERVENTIONAL,32,Exercise Recovery,2021-03-17,https://clinicaltrials.gov/study/NCT03972007
NCT04587544,The Relationship Between Cold Water Immersion and the Progression in Gout Arthritis,COMPLETED,INTERVENTIONAL,76,Cold-Water Immersion,2021-03-16,https://clinicaltrials.gov/study/NCT04587544
NCT04793542,Hot Water Immersion Therapy for Mental Health,UNKNOWN,INTERVENTIONAL,150,Sauna & Heat Therapy,2021-03-08,https://clinicaltrials.gov/study/NCT04793542
NCT03429348,Evaluation of Post-Exposure Sauna Treatment of Firefighters - A Pilot Study,COMPLETED,INTERVENTIONAL,28,Sauna & Heat Therapy,2021-01-19,https://clinicaltrials.gov/study/NCT03429348
NCT04636372,Effect of Meibomian Gland Related Therapy on the Morphology of Meibomian Gland,WITHDRAWN,INTERVENTIONAL,0,Massage Therapy,2020-11-12,https://clinicaltrials.gov/study/NCT04636372
NCT04425330,Effects of Physical Therapy Associated With Photobiomodulation on Myelomeningocele,UNKNOWN,INTERVENTIONAL,30,Exercise Recovery,2020-10-06,https://clinicaltrials.gov/study/NCT04425330
NCT03160027,Photobiomodulation for Improving Brain Function in Dementia (PBM Dementia),COMPLETED,INTERVENTIONAL,20,Photobiomodulation / Red Light,2020-09-16,https://clinicaltrials.gov/study/NCT03160027
NCT04155268,"Flotation-REST for Chronic Pain, Stress, and Sleep",WITHDRAWN,INTERVENTIONAL,0,Floatation Therapy,2020-09-08,https://clinicaltrials.gov/study/NCT04155268
NCT04495335,Photobiomodulation and Implant Stability,UNKNOWN,INTERVENTIONAL,90,Photobiomodulation / Red Light,2020-07-29,https://clinicaltrials.gov/study/NCT04495335
NCT04349085,Effects of Photobiomodulation Therapy Combined With Static Magnetic Field in CrossFit® Athletes,COMPLETED,INTERVENTIONAL,12,Exercise Recovery,2020-07-09,https://clinicaltrials.gov/study/NCT04349085
NCT04165226,LLLT and Fractional CO2 Laser in the Treatment of Stria Alba,COMPLETED,INTERVENTIONAL,30,Photobiomodulation / Red Light,2020-06-15,https://clinicaltrials.gov/study/NCT04165226
NCT02255981,Efficacy of Acupuncture in Macular Diseases,COMPLETED,INTERVENTIONAL,33,Massage Therapy,2020-06-11,https://clinicaltrials.gov/study/NCT02255981
NCT03420391,PBMT on Muscular Performance and Recovery in Different Time-points,COMPLETED,INTERVENTIONAL,60,Exercise Recovery,2020-04-27,https://clinicaltrials.gov/study/NCT03420391
NCT03639220,Photobiomodulation Therapy in Exercise Capacity Assessed by 6MST in Patients With COPD,COMPLETED,INTERVENTIONAL,20,Photobiomodulation / Red Light,2020-04-24,https://clinicaltrials.gov/study/NCT03639220
NCT04190264,Body Cooling in Hyperthermic Males and Females,COMPLETED,INTERVENTIONAL,12,Cold-Water Immersion,2020-04-07,https://clinicaltrials.gov/study/NCT04190264
NCT01672710,Gulf War Illness: Evaluation of an Innovative Detoxification Program,COMPLETED,INTERVENTIONAL,32,Sauna & Heat Therapy,2020-04-06,https://clinicaltrials.gov/study/NCT01672710
NCT04324775,Comparison of Acute Effect of Different Manual Techniques on Muscle Fascia Stiffness,UNKNOWN,OBSERVATIONAL,30,Massage Therapy,2020-03-25,https://clinicaltrials.gov/study/NCT04324775
NCT02181400,Near Infrared Photobiomodulation Treatment for Diabetic Macular Oedema,COMPLETED,INTERVENTIONAL,21,Photobiomodulation / Red Light,2020-01-28,https://clinicaltrials.gov/study/NCT02181400
NCT04198532,Contrast Bath and Sympathetic Skin Response,COMPLETED,INTERVENTIONAL,40,Contrast Therapy,2019-12-24,https://clinicaltrials.gov/study/NCT04198532
NCT04184024,A Comparison of the Effectiveness of Massage and Kinesio Taping in Neck Pain,UNKNOWN,INTERVENTIONAL,42,Massage Therapy,2019-11-30,https://clinicaltrials.gov/study/NCT04184024
NCT04183816,Effect of Total Cold Water Immersion Vs Ice Massage Modalities,COMPLETED,INTERVENTIONAL,60,Cold-Water Immersion|Exercise Recovery,2019-11-28,https://clinicaltrials.gov/study/NCT04183816
NCT03695458,Local and Systemic Effects of Photobiomodulation Therapy on Muscle Performance and Recovery Post-exercise.,COMPLETED,INTERVENTIONAL,30,Exercise Recovery,2019-11-28,https://clinicaltrials.gov/study/NCT03695458
NCT03941067,Effects of Pre-event Massage Over the Neuromuscular Response,UNKNOWN,INTERVENTIONAL,30,Massage Therapy,2019-05-06,https://clinicaltrials.gov/study/NCT03941067
NCT02390076,Behavioral Study of Effects of Low-Level Light Therapy on Mood and Reaction Time,COMPLETED,INTERVENTIONAL,51,Photobiomodulation / Red Light,2019-04-18,https://clinicaltrials.gov/study/NCT02390076
NCT02000908,Photobiomodulation Therapy Using the Realief Therapy System for the Treatment of Chemotherapy-associated Peripheral Neuropathy,COMPLETED,INTERVENTIONAL,70,Photobiomodulation / Red Light,2019-02-07,https://clinicaltrials.gov/study/NCT02000908
NCT03632096,Photobiomodulation in Salivary Production of Patients With Xerostomy,UNKNOWN,INTERVENTIONAL,60,Photobiomodulation / Red Light,2018-10-10,https://clinicaltrials.gov/study/NCT03632096
NCT03620825,The Effect of Dehydration on Intestinal Permeability,COMPLETED,INTERVENTIONAL,20,Sauna & Heat Therapy,2018-08-02,https://clinicaltrials.gov/study/NCT03620825
NCT03578666,Massage Versus Cold Water Immersion for Fatigue-induced Biomechanical Alterations,COMPLETED,INTERVENTIONAL,48,Cold-Water Immersion,2018-07-06,https://clinicaltrials.gov/study/NCT03578666
NCT03563898,"Feasibility and Safety in the Management of Fluid Overload in Peritoneal Dialysis Patients Through Sweat Stimulation With the Use of Portable Sauna Bath, Pilot Study",UNKNOWN,INTERVENTIONAL,10,Sauna & Heat Therapy,2018-06-19,https://clinicaltrials.gov/study/NCT03563898
NCT03386019,The Efficacy of Lymphatic Massage on Lower Extremity Edema and Performance After Treadmill Exercise in Sprinter Compare to Static Stretching and Cold Water Immersion,COMPLETED,INTERVENTIONAL,14,Cold-Water Immersion|Exercise Recovery,2017-12-20,https://clinicaltrials.gov/study/NCT03386019
NCT02806609,"Effect of Muscle Pain in Late Cold Water Immersion, Muscular Recruitment, Postural Control Dynamic and Sleep Quality",COMPLETED,INTERVENTIONAL,28,Cold-Water Immersion|Exercise Recovery,2017-12-18,https://clinicaltrials.gov/study/NCT02806609
NCT03332446,Influence of Cooling on the Effect of Strength Training,COMPLETED,INTERVENTIONAL,11,Cold-Water Immersion,2017-11-14,https://clinicaltrials.gov/study/NCT03332446
NCT00947180,Gastrointestinal Biopsychosocial Research Center,COMPLETED,INTERVENTIONAL,157,Massage Therapy,2017-10-16,https://clinicaltrials.gov/study/NCT00947180
NCT00070915,"Massage, Meditation, and Tai Chi for Chronic Lower Back Pain",COMPLETED,INTERVENTIONAL,120,Massage Therapy,2017-10-11,https://clinicaltrials.gov/study/NCT00070915
NCT03094689,Cold Water Immersion in the Recovery of Markers of Muscle Damage of 10km Street Runners,UNKNOWN,INTERVENTIONAL,30,Cold-Water Immersion|Exercise Recovery,2017-04-27,https://clinicaltrials.gov/study/NCT03094689
NCT02970890,Effects of Photobiomodulation Therapy (PBMT) in Total Hip Arthroplasty,COMPLETED,INTERVENTIONAL,18,Photobiomodulation / Red Light,2017-04-18,https://clinicaltrials.gov/study/NCT02970890
NCT02944760,Low-level Laser Therapy in Chronic Kidney Disease,UNKNOWN,INTERVENTIONAL,16,Photobiomodulation / Red Light,2016-10-25,https://clinicaltrials.gov/study/NCT02944760
NCT02596542,Cold Water Immersion and Recovery,COMPLETED,INTERVENTIONAL,12,Cold-Water Immersion|Exercise Recovery,2016-08-01,https://clinicaltrials.gov/study/NCT02596542
NCT02707835,Edema Control in Patients With Breast Cancer-comparison of Manual Lymph Drainage and Epidermis Fascia Taping,UNKNOWN,INTERVENTIONAL,90,Massage Therapy,2016-03-15,https://clinicaltrials.gov/study/NCT02707835
NCT02688972,The Accumulative Effect of Cold Water Immersion in Football Athletes,COMPLETED,INTERVENTIONAL,27,Exercise Recovery,2016-02-22,https://clinicaltrials.gov/study/NCT02688972
NCT02588768,Photobiomodulation Therapy in a Field Test With High-level Rugby Players,COMPLETED,INTERVENTIONAL,12,Exercise Recovery,2016-02-02,https://clinicaltrials.gov/study/NCT02588768
NCT02499640,The Effects of Cold Water Immersion With Different Dosages (Duration and Temperature Variations) on Heart Rate Variability Post-exercise Recovery,COMPLETED,INTERVENTIONAL,100,Cold-Water Immersion|Exercise Recovery,2015-07-15,https://clinicaltrials.gov/study/NCT02499640
NCT00000250,Cold Water Immersion Modulates Reinforcing Effects of Nitrous Oxide - 2,COMPLETED,INTERVENTIONAL,12,Cold-Water Immersion,2015-05-26,https://clinicaltrials.gov/study/NCT00000250
NCT01905098,Complementary and Alternative Medicine Sauna Detoxification Study: Phase I,TERMINATED,INTERVENTIONAL,1,Sauna & Heat Therapy,2015-04-16,https://clinicaltrials.gov/study/NCT01905098
NCT01793779,Comparison of Pre-exercise Beta-hydroxy-beta-methylbutyrate Free Acid (HMB-FA) and Cold Water Therapy for the Attenuation of Muscle Damage and Soreness,COMPLETED,INTERVENTIONAL,40,Cold-Water Immersion|Exercise Recovery,2013-07-31,https://clinicaltrials.gov/study/NCT01793779
NCT01576822,Sauna Detoxification Study: Pilot Feasibility,COMPLETED,INTERVENTIONAL,10,Sauna & Heat Therapy,2012-10-29,https://clinicaltrials.gov/study/NCT01576822
NCT00552981,Effectiveness of Local Application of Warm Air in Patients With Common Cold (HELI Study),COMPLETED,INTERVENTIONAL,157,Sauna & Heat Therapy,2012-07-09,https://clinicaltrials.gov/study/NCT00552981
NCT01453543,The Effect of Deep Friction Massage on the Achilles Tendon Blood Flow,COMPLETED,INTERVENTIONAL,62,Massage Therapy,2011-11-07,https://clinicaltrials.gov/study/NCT01453543
NCT00996398,Cold Water Immersion Does Not Reduce Knee Joint Position Sense in Healthy Participants: a Randomised Cross-over Trial,COMPLETED,INTERVENTIONAL,14,Cold-Water Immersion,2009-10-15,https://clinicaltrials.gov/study/NCT00996398
NCT00961454,Photobiomodulation to Alter Cerebral Blood Flow and to Affect the Emotional Status of Patients With Major Depression,COMPLETED,INTERVENTIONAL,10,Photobiomodulation / Red Light,2009-08-18,https://clinicaltrials.gov/study/NCT00961454
NCT00637468,EAGLE - Multicenter Study of the European Assessment Group for Lysis in the Eye,TERMINATED,INTERVENTIONAL,84,Massage Therapy,2008-03-17,https://clinicaltrials.gov/study/NCT00637468
NCT00010985,Usual Care Vs Choice of Alternative Rx: Low Back Pain,COMPLETED,INTERVENTIONAL,,Massage Therapy,2008-03-05,https://clinicaltrials.gov/study/NCT00010985
